sku_group,sku_count,base_gmv,end_gmv
retained,26,6301.569999999996,4963.879999999997
base_only,37,7694.199999999999,0.0
end_new,11,0.0,1743.4
