{
  "target_seller": "da8622b14eb17ae2831f4ac5b9dab84a",
  "target_label": "S-DA862",
  "analysis_start": "2018-04",
  "analysis_end": "2018-07",
  "main_category": "bed_bath_table",
  "main_category_share": 0.9541892229342044,
  "total_target_orders": 1253,
  "base_gmv": 13995.77,
  "end_gmv": 6707.28,
  "gmv_change": -0.5207637736258884,
  "base_orders": 118,
  "end_orders": 65,
  "orders_change": -0.4491525423728814,
  "base_aov": 118.60822033898306,
  "end_aov": 103.18892307692307,
  "aov_change": -0.13000192750545903,
  "platform_change": -0.10845088126292524,
  "category_change": -0.23780432535285634,
  "order_effect": -5877.624300521513,
  "aov_effect": -1410.8656994784885,
  "peer_count": 15,
  "peer_median_change": -0.17556222651877473,
  "peer_q1": -0.405516698413311,
  "peer_q3": 0.37869337709234896,
  "target_category_change": -0.5402920372413049,
  "target_rank": 3,
  "quality": {
    "delivered_orders": 89860,
    "sellers": 2793,
    "review_coverage": 0.9930781215223681,
    "august_last_three_days_orders": 19
  },
  "sku": {
    "base_active_skus": 63,
    "end_active_skus": 37,
    "retained_skus": 26,
    "base_only_skus": 37,
    "end_new_skus": 11,
    "sku_retention": 0.4126984126984127,
    "base_only_gmv_share": 0.5497518178706852,
    "retained_gmv_change": -0.2122788447958206,
    "sku_per_100_orders_base": 53.38983050847458,
    "sku_per_100_orders_end": 56.92307692307692,
    "item_price_median_base": 99.9,
    "item_price_median_end": 44.9,
    "active_sku_price_median_base": 109.9,
    "active_sku_price_median_end": 109.9
  },
  "sku_effects": {
    "仅4月成交SKU": -7694.199999999999,
    "持续成交SKU变化": -1337.6899999999987,
    "7月新增成交SKU": 1743.4
  }
}